{
    "accuracy": 0.7677419354838709,
    "precision": 0.71875,
    "recall": 0.71875,
    "f1": 0.71875,
    "confusion_matrix": [
        [
            73,
            18
        ],
        [
            18,
            46
        ]
    ]
}